<?xml version="1.0" encoding="utf-8" standalone="yes"?>
<rss version="2.0" xmlns:atom="http://www.w3.org/2005/Atom">
  <channel>
    <title>Viagem on Blog Brasileiros em Montpellier</title>
    <link>https://brasileirosemmontpellier.blog/categories/viagem/</link>
    <description>Recent content in Viagem on Blog Brasileiros em Montpellier</description>
    <generator>Hugo</generator>
    <language>en-us</language>
    <lastBuildDate>Tue, 18 Jun 2024 15:31:48 +0200</lastBuildDate>
    <atom:link href="https://brasileirosemmontpellier.blog/categories/viagem/index.xml" rel="self" type="application/rss+xml" />
    <item>
      <title>Como Viajar Para Qualquer Cidade Pagando 1 (Є)</title>
      <link>https://brasileirosemmontpellier.blog/como-viajar-para-qualquer-cidade-pagando-1euro/</link>
      <pubDate>Tue, 18 Jun 2024 15:31:48 +0200</pubDate>
      <guid>https://brasileirosemmontpellier.blog/como-viajar-para-qualquer-cidade-pagando-1euro/</guid>
      <description>Entenda sobre como viajar para qualquer ville da région de Occitanie pagando apenas 1 (Є)&amp;hellip; • Para aumentar suas chances de conseguir comprar, os bilhetes estão disponíveis para venda 10 dias antes da data do fim de semana por 1€.&#xA;Atenção: Essa oferta normalmente acaba bem rápido, os bilhetes de trem de 1 euro não são passíveis de troca, nem reembolsáveis e só são válidos na data indicada no bilhete, independentemente da oferta escolhida.</description>
    </item>
  </channel>
</rss>
