<?xml version="1.0" encoding="utf-8" standalone="yes"?>
<rss version="2.0" xmlns:atom="http://www.w3.org/2005/Atom">
  <channel>
    <title>Produtos Brasileiros on Blog Brasileiros em Montpellier</title>
    <link>https://brasileirosemmontpellier.blog/categories/produtos-brasileiros/</link>
    <description>Recent content in Produtos Brasileiros on Blog Brasileiros em Montpellier</description>
    <generator>Hugo</generator>
    <language>en-us</language>
    <lastBuildDate>Mon, 03 Jun 2024 14:53:59 +0200</lastBuildDate>
    <atom:link href="https://brasileirosemmontpellier.blog/categories/produtos-brasileiros/index.xml" rel="self" type="application/rss+xml" />
    <item>
      <title>Lojas De Produtos Brasileiros</title>
      <link>https://brasileirosemmontpellier.blog/lojas-de-produtos-brasileiros/</link>
      <pubDate>Mon, 03 Jun 2024 14:53:59 +0200</pubDate>
      <guid>https://brasileirosemmontpellier.blog/lojas-de-produtos-brasileiros/</guid>
      <description>1º Loja - Dadison Market A loja fica localizada no bairro Gambetta, bem próximo ao centro de Montpellier. É uma epicerie créole (origem africana) mas que possui diversos produtos muitos inclusive de origem brasileira também. Produtos que você pode encontrar lá: Açai, farinha de milho e mandioca, guaraná etc…&#xA;Se você mora em Montpellier e está com saudades de comer algumas coisas típicas e dificieis de achar nos supermercados comuns vale muito a pena conhecer essa loja.</description>
    </item>
  </channel>
</rss>
