<?xml version="1.0" encoding="utf-8" standalone="yes"?>
<rss version="2.0" xmlns:atom="http://www.w3.org/2005/Atom">
  <channel>
    <title>Authors on Blog Brasileiros em Montpellier</title>
    <link>https://brasileirosemmontpellier.blog/authors/</link>
    <description>Recent content in Authors on Blog Brasileiros em Montpellier</description>
    <generator>Hugo</generator>
    <language>en-us</language>
    <lastBuildDate>Tue, 10 Sep 2024 14:58:36 +0200</lastBuildDate>
    <atom:link href="https://brasileirosemmontpellier.blog/authors/index.xml" rel="self" type="application/rss+xml" />
    <item>
      <title>Higor Zica</title>
      <link>https://brasileirosemmontpellier.blog/authors/higor-zica/</link>
      <pubDate>Mon, 01 Jan 0001 00:00:00 +0000</pubDate>
      <guid>https://brasileirosemmontpellier.blog/authors/higor-zica/</guid>
      <description></description>
    </item>
  </channel>
</rss>
