<?xml version="1.0" encoding="utf-8" standalone="yes"?>
<rss version="2.0" xmlns:atom="http://www.w3.org/2005/Atom">
  <channel>
    <title>Categories on Blog Brasileiros em Montpellier</title>
    <link>https://brasileirosemmontpellier.blog/categories/</link>
    <description>Recent content in Categories on Blog Brasileiros em Montpellier</description>
    <generator>Hugo</generator>
    <language>en-us</language>
    <lastBuildDate>Tue, 10 Sep 2024 14:58:36 +0200</lastBuildDate>
    <atom:link href="https://brasileirosemmontpellier.blog/categories/index.xml" rel="self" type="application/rss+xml" />
    <item>
      <title>Programação</title>
      <link>https://brasileirosemmontpellier.blog/categories/programa%C3%A7%C3%A3o/</link>
      <pubDate>Mon, 01 Jan 0001 00:00:00 +0000</pubDate>
      <guid>https://brasileirosemmontpellier.blog/categories/programa%C3%A7%C3%A3o/</guid>
      <description></description>
    </item>
    <item>
      <title>Trabalho</title>
      <link>https://brasileirosemmontpellier.blog/categories/trabalho/</link>
      <pubDate>Mon, 01 Jan 0001 00:00:00 +0000</pubDate>
      <guid>https://brasileirosemmontpellier.blog/categories/trabalho/</guid>
      <description></description>
    </item>
    <item>
      <title>Viagem</title>
      <link>https://brasileirosemmontpellier.blog/categories/viagem/</link>
      <pubDate>Mon, 01 Jan 0001 00:00:00 +0000</pubDate>
      <guid>https://brasileirosemmontpellier.blog/categories/viagem/</guid>
      <description></description>
    </item>
    <item>
      <title>Eventos</title>
      <link>https://brasileirosemmontpellier.blog/categories/eventos/</link>
      <pubDate>Mon, 01 Jan 0001 00:00:00 +0000</pubDate>
      <guid>https://brasileirosemmontpellier.blog/categories/eventos/</guid>
      <description></description>
    </item>
    <item>
      <title>Lazer</title>
      <link>https://brasileirosemmontpellier.blog/categories/lazer/</link>
      <pubDate>Mon, 01 Jan 0001 00:00:00 +0000</pubDate>
      <guid>https://brasileirosemmontpellier.blog/categories/lazer/</guid>
      <description></description>
    </item>
    <item>
      <title>Lojas Montpellier</title>
      <link>https://brasileirosemmontpellier.blog/categories/lojas-montpellier/</link>
      <pubDate>Mon, 01 Jan 0001 00:00:00 +0000</pubDate>
      <guid>https://brasileirosemmontpellier.blog/categories/lojas-montpellier/</guid>
      <description></description>
    </item>
    <item>
      <title>Produtos Brasileiros</title>
      <link>https://brasileirosemmontpellier.blog/categories/produtos-brasileiros/</link>
      <pubDate>Mon, 01 Jan 0001 00:00:00 +0000</pubDate>
      <guid>https://brasileirosemmontpellier.blog/categories/produtos-brasileiros/</guid>
      <description></description>
    </item>
    <item>
      <title>Compras Online</title>
      <link>https://brasileirosemmontpellier.blog/categories/compras-online/</link>
      <pubDate>Mon, 01 Jan 0001 00:00:00 +0000</pubDate>
      <guid>https://brasileirosemmontpellier.blog/categories/compras-online/</guid>
      <description></description>
    </item>
  </channel>
</rss>
