<?xml version="1.0" encoding="utf-8" standalone="yes"?>
<rss version="2.0" xmlns:atom="http://www.w3.org/2005/Atom">
  <channel>
    <title>Trabalho on Blog Brasileiros em Montpellier</title>
    <link>https://brasileirosemmontpellier.blog/categories/trabalho/</link>
    <description>Recent content in Trabalho on Blog Brasileiros em Montpellier</description>
    <generator>Hugo</generator>
    <language>en-us</language>
    <lastBuildDate>Mon, 01 Jul 2024 15:47:25 +0200</lastBuildDate>
    <atom:link href="https://brasileirosemmontpellier.blog/categories/trabalho/index.xml" rel="self" type="application/rss+xml" />
    <item>
      <title>Como Trabalhar Em Aplicativos De Delivery</title>
      <link>https://brasileirosemmontpellier.blog/como-trabalhar-em-aplicativos-de-delivery/</link>
      <pubDate>Mon, 01 Jul 2024 15:47:25 +0200</pubDate>
      <guid>https://brasileirosemmontpellier.blog/como-trabalhar-em-aplicativos-de-delivery/</guid>
      <description>Introdução Com o aumento do comércio online e a crescente demanda por serviços de entrega rápida, os aplicativos de delivery (como Uber Eats, Deliveroo, Stuart, entre outros) ganharam muita popularidade na França. Essas plataformas oferecem oportunidades de trabalho flexíveis, ideais tanto para quem busca complementar sua renda quanto para aqueles que desejam trabalhar de forma autônoma. Mas como começar a trabalhar como entregador na França? Este guia vai explicar os passos necessários, os benefícios, as desvantagens e as regulamentações envolvidas.</description>
    </item>
  </channel>
</rss>
