<?xml version="1.0" encoding="utf-8" standalone="yes"?>
<rss version="2.0" xmlns:atom="http://www.w3.org/2005/Atom">
  <channel>
    <title>Eventos on Blog Brasileiros em Montpellier</title>
    <link>https://brasileirosemmontpellier.blog/categories/eventos/</link>
    <description>Recent content in Eventos on Blog Brasileiros em Montpellier</description>
    <generator>Hugo</generator>
    <language>en-us</language>
    <lastBuildDate>Sat, 08 Jun 2024 21:21:36 +0200</lastBuildDate>
    <atom:link href="https://brasileirosemmontpellier.blog/categories/eventos/index.xml" rel="self" type="application/rss+xml" />
    <item>
      <title>Eventos  Brasileiros</title>
      <link>https://brasileirosemmontpellier.blog/eventos--brasileiros/</link>
      <pubDate>Sat, 08 Jun 2024 21:21:36 +0200</pubDate>
      <guid>https://brasileirosemmontpellier.blog/eventos--brasileiros/</guid>
      <description>Esse post foi criado para compartilhar eventos que possuem musica brasileira ou são feitos por pessoas da comunidade brasileiros em Montpellier. Não possui fins lucrativos e não é uma publicidade feita em parceroa com bares ou restaurantes onde acontecem os eventos.&#xA;1º Evento - Pampa y Luna Nord - (Domingo) O evento fica localizada entre o bairro Centro e Arceaux, bem próximo ao centro de Montpellier e da estação Plan Cabannes.</description>
    </item>
  </channel>
</rss>
