<?xml version="1.0" encoding="utf-8" standalone="yes"?>
<rss version="2.0" xmlns:atom="http://www.w3.org/2005/Atom">
  <channel>
    <title>Compras Online on Blog Brasileiros em Montpellier</title>
    <link>https://brasileirosemmontpellier.blog/categories/compras-online/</link>
    <description>Recent content in Compras Online on Blog Brasileiros em Montpellier</description>
    <generator>Hugo</generator>
    <language>en-us</language>
    <lastBuildDate>Sat, 01 Jun 2024 15:42:55 +0200</lastBuildDate>
    <atom:link href="https://brasileirosemmontpellier.blog/categories/compras-online/index.xml" rel="self" type="application/rss+xml" />
    <item>
      <title>Dicas para Compras no Aliexpress</title>
      <link>https://brasileirosemmontpellier.blog/aliexpress-taxas-para-compras/</link>
      <pubDate>Sat, 01 Jun 2024 15:42:55 +0200</pubDate>
      <guid>https://brasileirosemmontpellier.blog/aliexpress-taxas-para-compras/</guid>
      <description>As taxas de importação desde 1º de julho de 2021 Na França, é aplicado um IVA de 20% às compras feitas fora da UE desde 1 de julho de 2021. Ou seja, se comprar um produto dos Estados Unidos, da Ásia ou mesmo do Reino Unido desde o Brexit, terá de pagar adicional imposto caso o valor do produto seja igual ou superior a 150€.&#xA;Ordem AliExpress como evitar taxas alfandegárias?</description>
    </item>
  </channel>
</rss>
