<?xml version="1.0" encoding="utf-8" standalone="yes"?>
<rss version="2.0" xmlns:atom="http://www.w3.org/2005/Atom">
  <channel>
    <title>General on Blog Brasileiros em Montpellier</title>
    <link>http://localhost:1313/categories/general/</link>
    <description>Recent content in General on Blog Brasileiros em Montpellier</description>
    <generator>Hugo</generator>
    <language>en-us</language>
    <lastBuildDate>Tue, 10 Sep 2024 14:58:36 +0200</lastBuildDate>
    <atom:link href="http://localhost:1313/categories/general/index.xml" rel="self" type="application/rss+xml" />
    <item>
      <title>Script Boilerplate Dev Web</title>
      <link>http://localhost:1313/script-boilerplate-dev-web/</link>
      <pubDate>Tue, 10 Sep 2024 14:58:36 +0200</pubDate>
      <guid>http://localhost:1313/script-boilerplate-dev-web/</guid>
      <description></description>
    </item>
  </channel>
</rss>
