<?xml version="1.0" encoding="utf-8" standalone="yes"?>
<rss version="2.0" xmlns:atom="http://www.w3.org/2005/Atom">
  <channel>
    <title>Lazer on Blog Brasileiros em Montpellier</title>
    <link>https://brasileirosemmontpellier.blog/categories/lazer/</link>
    <description>Recent content in Lazer on Blog Brasileiros em Montpellier</description>
    <generator>Hugo</generator>
    <language>en-us</language>
    <lastBuildDate>Wed, 05 Jun 2024 15:58:13 +0200</lastBuildDate>
    <atom:link href="https://brasileirosemmontpellier.blog/categories/lazer/index.xml" rel="self" type="application/rss+xml" />
    <item>
      <title>A Pinte Mais Barata De Montpellier</title>
      <link>https://brasileirosemmontpellier.blog/a-pinte-mais-barata-de-montpellier/</link>
      <pubDate>Wed, 05 Jun 2024 15:58:13 +0200</pubDate>
      <guid>https://brasileirosemmontpellier.blog/a-pinte-mais-barata-de-montpellier/</guid>
      <description>Esse post foi criado para compartilhar os bares que esse habitante da cidade de Montpellier conhece como os mais baratos para tomar uma PINTE (cerveja de 500ml). Esse post não possui fins lucrativos e as dicas adicionadas aqui não são uma publicidade feito para os bares ou restaurantes onde acontecem os eventos.&#xA;1º Bar - Pub Le Foch - (Aberto todos os dias 12:00 às 01:00) O pub Foch fica localizado no bairro Centro bem próximo a um dos principais pontos turisticos de Montpellier (Arch du Triumph et Promenade du Peyrou).</description>
    </item>
  </channel>
</rss>
